1.9463,-0.49054,-1
1.3154,1.2895,-1
-1.9883,-0.25413,-1
-1.9163,-0.91844,-1
-0.008086,0.75227,1
-1.197,-1.0138,-1
-0.15764,1.9582,-1
1.5475,-0.63559,-1
1.0157,-1.8999,-1
1.2907,-1.0006,-1
-0.39106,-1.5344,-1
1.3955,-1.419,-1
-0.57749,1.7476,-1
1.0591,-1.3191,-1
-1.0376,-0.5532,-1
1.4743,-1.9616,-1
-0.65489,-0.46548,1
0.28669,-1.1401,-1
-0.074189,0.58903,1
-1.496,0.94377,-1
-0.49433,-0.40748,1
-0.84907,1.4582,-1
-0.14043,0.15137,1
0.78862,-0.17949,1
0.19408,-1.4363,-1
-1.5566,0.21559,-1
0.65995,1.5558,-1
1.085,-1.2284,-1
0.46249,-0.23171,1
-1.1894,-0.74093,-1
1.0554,0.47437,-1
-1.8085,0.90517,-1
0.40572,1.2033,-1
-0.16244,1.4691,-1
-1.79,1.2016,-1
1.1372,-1.439,-1
-1.9881,0.36112,-1
1.274,-1.7478,-1
1.5137,-0.05755,-1
-1.4892,-0.47429,-1
0.044018,-0.94678,1
-1.3399,1.1048,-1
0.779,-1.6605,-1
-0.21717,1.4718,-1
1.82,1.1667,-1
1.5013,0.26998,-1
-1.1398,-1.0999,-1
0.15371,1.5515,-1
-0.3244,-1.7717,-1
0.34671,0.18435,1
1.5309,0.36606,-1
-1.385,-0.30795,-1
1.8381,-1.8913,-1
0.088217,0.36154,1
1.571,1.2816,-1
-0.40572,-0.67702,1
-0.38267,1.1216,-1
-0.69415,-1.1235,-1
-1.8726,1.6258,-1
0.25559,1.0438,-1
0.43514,-1.7497,-1
1.9444,1.2083,-1
-0.053225,-1.2375,-1
-1.6987,0.99067,-1
0.47743,0.93925,-1
-0.87637,1.0484,-1
-1.5509,-1.8356,-1
-0.88016,0.82181,-1
1.0161,1.5209,-1
1.4591,-1.5645,-1
1.9407,-0.4036,-1
0.48295,-1.956,-1
1.5545,-1.9769,-1
-1.4655,-1.1112,-1
0.80577,-0.26323,1
-1.3871,-0.29377,-1
1.7257,1.662,-1
1.8442,1.6454,-1
0.12505,0.78811,1
1.1276,0.87909,-1
1.0654,-1.345,-1
-0.81622,1.4937,-1
1.7277,1.5071,-1
-0.67759,-1.8766,-1
-1.1193,-1.3252,-1
0.21308,1.1638,-1
1.9157,1.4344,-1
-1.4042,1.6331,-1
-0.27619,0.4888,1
1.11,-1.8231,-1
1.5191,0.34132,-1
-1.5131,-0.80122,-1
0.29493,-0.76984,1
0.27096,-1.7779,-1
-1.7586,1.3614,-1
-1.9432,-1.8378,-1
-0.44417,0.19588,1
-1.2881,0.44311,-1
0.16198,-0.59258,1
1.694,-0.84424,-1
-0.37769,-0.54952,1
0.69041,-1.0083,-1
-0.21235,-1.8124,-1
0.62165,1.6373,-1
0.68141,-0.76969,-1
1.7691,0.69298,-1
0.71201,1.5339,-1
0.60247,0.64759,1
-0.060867,0.64098,1
1.781,1.3662,-1
0.93383,-0.83332,-1
-1.6978,1.8936,-1
-1.3517,-1.2662,-1
-1.0521,-0.51438,-1
1.4335,-1.3693,-1
-0.9897,0.94088,-1
-0.12373,-0.53073,1
-0.65698,-0.23972,1
-0.33625,-1.0455,-1
-0.97227,-0.92537,-1
-1.4389,-0.14664,-1
0.014177,-1.3833,-1
-0.58127,0.87989,-1
-0.12646,0.40456,1
1.339,-0.72064,-1
1.8021,1.0312,-1
-0.91717,-0.45885,-1
0.30117,0.21528,1
-1.9748,-1.1868,-1
-0.82048,0.16819,1
-1.212,1.5992,-1
-1.172,-0.4854,-1
-1.6763,-0.84505,-1
1.9907,-1.8418,-1
0.54606,1.0594,-1
-0.81976,-0.18366,1
0.25481,1.8085,-1
-1.8587,0.84555,-1
1.1399,1.3262,-1
-1.0467,1.8481,-1
-0.88457,-1.3707,-1
0.76348,-0.5553,1
0.054867,1.0348,-1
1.387,-1.149,-1
0.63127,1.9988,-1
-0.801,-0.77851,-1
0.2008,1.7414,-1
-1.8319,-0.55849,-1
1.5707,0.63705,-1
1.4677,1.742,-1
-1.741,-1.7144,-1
-0.32481,-0.53371,1
-1.7934,1.1967,-1
-0.082894,0.70875,1
0.15994,-0.18663,1
1.4724,-0.85064,-1
0.41895,1.0308,-1
0.34358,0.24971,1
-1.3917,-0.9506,-1
-1.7032,-0.69972,-1
-0.91269,-1.2894,-1
0.53743,-0.41835,1
-0.68222,1.1002,-1
0.10484,0.67198,1
1.8028,0.59983,-1
-1.5314,1.031,-1
-1.2457,0.0096653,-1
-0.41887,-0.41956,1
1.7933,-1.4106,-1
1.6559,1.9745,-1
1.104,0.81424,-1
-1.7056,-1.0286,-1
0.51332,1.5288,-1
0.9928,1.0166,-1
-0.33001,-1.2966,-1
-0.08915,-0.33312,1
1.587,-0.40135,-1
-1.8091,1.9367,-1
-0.24071,-1.2675,-1
0.89656,-1.3563,-1
-0.58745,-1.6135,-1
-1.7267,1.0122,-1
1.9053,0.076821,-1
1.2494,1.6877,-1
0.70317,-1.6036,-1
-1.3616,-0.11249,-1
0.96749,1.1018,-1
-1.9661,1.9646,-1
0.8098,-1.3872,-1
-1.7762,0.98259,-1
0.77346,-0.31588,1
-0.95406,0.59383,-1
0.64813,-1.3541,-1
-0.0020183,-1.4694,-1
0.12944,-0.035258,1
1.9951,0.79262,-1
1.4002,-0.39121,-1
-0.78651,0.45245,1
0.7117,-0.54647,1
0.88352,0.099097,1
-0.64041,1.408,-1
-0.89903,1.0583,-1
-0.98818,-1.4257,-1
-0.66777,-0.41123,1
-1.429,0.92921,-1
1.7873,-1.964,-1
0.3123,-1.7079,-1
1.0387,-1.5515,-1
-1.7982,-1.1951,-1
0.3002,-0.11269,1
-0.32903,-0.41364,1
-0.025484,0.96908,1
-1.2536,-0.96159,-1
-0.1847,1.5178,-1
0.19868,-1.774,-1
-0.24627,1.9758,-1
0.81224,-1.6626,-1
-0.45949,-0.11297,1
0.012755,0.97508,1
-1.7275,0.73085,-1
0.15279,0.058479,1
1.6334,-0.84137,-1
-0.17998,1.0955,-1
1.1377,1.6529,-1
0.63704,0.86979,-1
1.2749,0.69712,-1
-0.36705,-0.22913,1
0.26407,0.34923,1
-0.54065,-0.26552,1
1.2879,-1.5725,-1
-0.35173,1.204,-1
0.39698,0.71228,1
-0.13131,1.7585,-1
-0.66881,0.86876,-1
0.11041,-1.3824,-1
0.21541,1.5375,-1
0.036365,-1.5045,-1
1.7556,1.2283,-1
-1.7456,-1.2196,-1
1.8807,-0.033645,-1
1.4106,0.1526,-1
1.913,1.004,-1
-0.80157,1.779,-1
1.361,1.3849,-1
0.99446,-0.22479,-1
-0.16004,-0.59204,1
1.7764,1.2474,-1
0.71306,0.86565,-1
0.5587,-0.83966,-1
0.8499,-1.9958,-1
-0.17252,0.7682,1
1.3988,1.0998,-1
-1.9601,-0.48975,-1
1.6534,0.46336,-1
0.67367,0.96033,-1
-0.050507,-0.80742,1
1.563,-0.91943,-1
1.8272,1.6584,-1
1.1086,-1.1634,-1
1.2623,-1.9709,-1
0.50106,1.7896,-1
0.68047,-0.025782,1
-0.67515,1.5693,-1
1.0069,-1.5601,-1
1.5285,1.4831,-1
-0.82308,1.5816,-1
0.80185,-1.8534,-1
-0.33708,-1.6622,-1
-1.4651,1.7137,-1
-0.84189,-1.0059,-1
-1.0871,1.281,-1
0.22219,1.973,-1
-1.02,-0.15552,-1
-0.91728,0.31789,1
-0.096069,0.32682,1
-0.6091,-0.2178,1
0.26687,-0.2223,1
0.061101,0.84987,1
0.72195,-0.66345,1
0.15151,-0.086611,1
-1.687,1.4689,-1
-0.24478,-0.73217,1
0.31208,1.617,-1
-1.2974,0.52354,-1
-0.027133,0.90128,1
1.4753,0.54772,-1
0.89251,-1.4404,-1
-0.69588,-1.7385,-1
-0.23926,1.2988,-1
-1.589,1.0841,-1
-1.0378,1.653,-1
0.025144,1.012,-1
0.32617,0.11043,1
-0.14976,-0.26958,1
-1.494,-1.8468,-1
1.2137,0.51022,-1
-0.72174,0.61987,1
1.0198,-1.8112,-1
1.4494,1.2714,-1
-1.0908,0.8508,-1
-0.70541,-1.08,-1
-0.69276,-1.2354,-1
0.068844,-0.50086,1
0.75721,1.3724,-1
1.2366,1.5606,-1
-0.99248,1.4812,-1
1.8857,-1.5534,-1
-1.5178,-1.2293,-1
-0.42221,-1.7535,-1
1.1587,0.73036,-1
-0.060677,0.25806,1
-0.82382,-1.8398,-1
-1.3511,0.11412,-1
-1.2422,0.8526,-1
0.15532,0.71038,1
-1.6437,0.36621,-1
-1.2322,1.6739,-1
0.59572,-0.042443,1
0.34212,-1.3003,-1
1.1376,-0.34357,-1
0.66335,0.99646,-1
0.61299,0.66939,1
1.2603,-1.6969,-1
0.85955,-0.72618,-1
-1.6114,-0.10983,-1
1.1322,-1.5644,-1
0.42373,1.7394,-1
-0.64353,1.4609,-1
-0.58685,0.092589,1
1.183,-1.3508,-1
-0.31976,-1.3539,-1
0.62224,-1.6964,-1
1.4104,0.53707,-1
1.6855,-0.94059,-1
0.36537,-1.0278,-1
-0.096025,0.034259,1
-0.60789,-1.5707,-1
0.60994,0.20416,1
0.14265,1.2167,-1
1.303,1.837,-1
-1.4449,-1.0138,-1
1.7757,0.60693,-1
1.843,1.2761,-1
-0.92022,0.75275,-1
0.96003,-0.13722,1
-0.77665,-1.6253,-1
1.291,-1.1153,-1
-0.26452,-1.2136,-1
-1.069,-1.5846,-1
-1.7913,1.0074,-1
1.8391,0.42972,-1
1.1084,1.874,-1
0.93522,1.8264,-1
1.1113,1.7036,-1
0.82025,0.22364,1
-0.046609,1.2825,-1
-0.58557,0.7141,1
-1.6344,-1.9549,-1
-1.8586,-1.3955,-1
-0.88316,1.3936,-1
1.6467,0.41301,-1
-0.59426,1.5526,-1
0.69116,-1.6012,-1
-0.41167,-0.43712,1
0.88046,1.7612,-1
0.56984,-0.43501,1
-0.46901,0.18134,1
0.0015377,-0.017308,1
1.2341,-1.5013,-1
-1.8743,1.8534,-1
-0.17493,1.1046,-1
0.17683,1.0963,-1
0.23693,0.82609,1
-1.2362,0.79861,-1
-0.20901,-1.878,-1
1.4394,-1.2508,-1
-0.56861,0.92744,-1
1.0263,1.9962,-1
-0.13246,1.4363,-1
0.51154,-0.49791,1
-0.87268,-0.29733,1
-1.7753,-1.7232,-1
1.9688,-0.55219,-1
0.27161,-1.1321,-1
0.61411,0.69442,1
-0.59362,-0.4144,1
-0.4932,-0.18617,1
-1.7295,-0.52179,-1
-1.0703,0.92998,-1
0.98957,0.84862,-1
-1.2234,1.9846,-1
-0.32282,-1.0974,-1
-1.739,-1.8747,-1
-1.2194,-0.16512,-1
0.21991,1.0452,-1
-1.4579,-1.1719,-1
1.0129,-1.8672,-1
1.4064,1.1155,-1
-0.82148,-1.2385,-1
-0.89044,1.9262,-1
1.5568,-0.21578,-1
-1.3608,1.8602,-1
0.26024,-1.767,-1
-0.52241,0.91147,-1
0.60405,0.36369,1
-1.3444,-0.46988,-1
-1.7418,0.551,-1
-1.8533,-1.1934,-1
-0.89817,-0.69331,-1
1.1031,-0.91513,-1
0.31091,0.97915,-1
-0.47653,-1.2752,-1
1.6447,-0.26133,-1
-1.1229,0.27046,-1
-0.52131,-1.3861,-1
-0.50363,0.29136,1
1.3976,0.63347,-1
0.4,1.9605,-1
0.0014709,0.28328,1
1.9115,-1.9448,-1
-0.76711,-0.47996,1
0.0099145,-1.9068,-1
1.8239,-1.4947,-1
-0.5867,-1.0802,-1
-1.7154,1.4111,-1
1.4669,-1.9399,-1
-1.3647,-1.8953,-1
0.78437,-1.0077,-1
-1.4257,-0.32762,-1
-1.3529,-1.8941,-1
-1.9743,-0.092166,-1
0.33976,-0.94389,-1
-0.97148,-1.777,-1
-0.065295,-1.324,-1
-1.359,0.93617,-1
1.9978,-1.4225,-1
0.23694,-1.542,-1
-1.6241,-1.4309,-1
-0.74066,-1.9661,-1
1.7144,1.0074,-1
-0.63136,0.51881,1
0.21953,-0.14674,1
-0.8709,1.1361,-1
-1.0831,-1.4835,-1
-0.86408,0.63911,-1
0.9131,0.99504,-1
-1.849,0.61579,-1
-0.73656,1.0247,-1
-1.9157,-1.5137,-1
-0.68669,1.353,-1
-0.39748,-0.95919,-1
1.2103,0.82952,-1
-0.91513,0.87566,-1
1.7301,0.03999,-1
0.33741,-1.6491,-1
-1.9941,1.8183,-1
1.9884,-1.4988,-1
-0.96952,-1.0977,-1
1.3803,-0.5724,-1
-0.12615,0.55285,1
-1.5861,1.378,-1
-1.6592,-1.3891,-1
0.42661,1.6615,-1
0.68649,-1.3133,-1
-1.6823,-0.45298,-1
1.1336,-0.86234,-1
1.1257,-0.45605,-1
-1.8045,-0.13409,-1
1.5393,1.1726,-1
1.6803,-0.92887,-1
-0.10846,0.62875,1
-0.24288,0.16486,1
-0.35949,1.7596,-1
-1.0743,-1.3582,-1
0.83124,0.054135,1
1.9138,-1.175,-1
0.062708,0.8112,1
0.96127,-1.604,-1
0.4945,-1.6128,-1
1.463,-0.66584,-1
-1.243,0.3297,-1
-1.7583,-1.4102,-1
-0.2097,0.78366,1
1.1758,0.66843,-1
-1.6142,0.21161,-1
0.19303,-0.57477,1
0.87746,0.11962,1
-0.90134,1.9514,-1
-1.6553,-1.8082,-1
0.18017,-0.49204,1
-1.6028,-0.72136,-1
-1.8106,-1.352,-1
0.58482,1.2572,-1
1.9328,0.27545,-1
-1.9403,-0.78536,-1
-0.21617,-0.46601,1
1.4142,-0.57111,-1
-0.74154,1.9468,-1
0.65259,0.65367,1
-1.3346,1.0663,-1
0.41336,1.8344,-1
1.1798,-0.11735,-1
1.6545,1.8515,-1
-0.91437,1.1276,-1
1.4655,0.13458,-1
0.93416,-0.30282,1
-0.14368,1.9976,-1
1.2957,-0.94481,-1
0.90336,-1.7197,-1
1.2698,1.5522,-1
0.84942,0.96529,-1
0.22815,-0.3226,1
0.36915,0.57807,1
1.6444,-1.6346,-1
0.44868,0.99635,-1
1.872,-1.2007,-1
-1.2418,1.5883,-1
0.23392,-0.84413,1
-0.68911,1.5128,-1
-1.1477,-1.563,-1
0.27112,-0.12047,1
1.5865,0.67158,-1
-1.4056,-1.3914,-1
1.651,1.0479,-1
1.5331,0.22865,-1
-0.87401,-0.44081,1
-0.49511,1.4915,-1
-0.0072029,-1.347,-1
0.79241,-1.5655,-1
-0.62608,1.5439,-1
1.318,0.23974,-1
1.4514,1.676,-1
0.64543,0.31229,1
0.12687,1.8792,-1
-0.99374,-0.4378,-1
-1.2763,-0.49359,-1
-0.71401,-0.42908,1
-0.67272,-0.040018,1
-0.64411,1.7431,-1
-0.5004,1.254,-1
-0.66875,-1.8587,-1
0.42784,-1.944,-1
0.83334,-0.89978,-1
-0.66508,-1.2556,-1
1.6101,1.8012,-1
0.28579,0.24814,1
-0.8028,-0.8461,-1
0.7403,-1.1535,-1
-0.45766,0.62004,1
1.4265,1.5611,-1
-1.6098,-1.89,-1
0.80796,-0.542,1
1.5367,0.40226,-1
-1.5865,-0.026867,-1
0.42365,1.7802,-1
0.18841,-0.28472,1
0.29853,1.8248,-1
-1.937,-1.6955,-1
-0.6602,0.5843,1
1.4185,0.11396,-1
-1.0033,-0.4961,-1
0.23416,-0.57047,1
1.5089,-0.9605,-1
-0.37817,1.6397,-1
1.3391,0.64437,-1
0.82379,0.30322,1
0.26855,0.93878,1
1.6203,-1.9315,-1
-0.75072,0.38633,1
-1.5268,1.202,-1
1.5316,-0.26064,-1
1.4456,0.34905,-1
0.67522,-0.69238,1
1.2936,0.06318,-1
1.8045,-1.0696,-1
1.9554,0.25832,-1
-1.4855,-0.12974,-1
-1.2756,1.7708,-1
-1.0088,-0.032402,-1
0.20574,1.174,-1
-0.49685,-0.89279,-1
-1.1892,1.042,-1
0.18849,-0.48131,1
1.0723,-0.63056,-1
-1.5515,-1.7871,-1
1.5035,1.1881,-1
1.1775,0.73694,-1
1.9786,1.3521,-1
1.8825,-0.71569,-1
-1.9332,-1.4491,-1
-1.5397,-0.74438,-1
-0.22371,-0.38501,1
0.57827,1.2229,-1
-1.8743,-1.4853,-1
-0.21405,-1.7078,-1
-1.3392,-0.79822,-1
-1.4575,-1.179,-1
-1.1421,-1.9217,-1
-1.5745,1.8311,-1
1.1762,-1.9778,-1
1.9999,0.071472,-1
1.1283,-0.65127,-1
-1.8123,-1.8245,-1
1.421,-0.86987,-1
0.64404,1.615,-1
-0.45447,0.35953,1
-0.42005,-0.36326,1
-0.76647,0.59338,1
0.84615,0.13556,1
0.078472,-1.6817,-1
-0.46442,0.66923,1
0.66675,1.0634,-1
-0.42054,1.5812,-1
-1.0536,1.4449,-1
-1.5834,0.16316,-1
1.7534,-1.0266,-1
0.81689,0.3718,1
0.35191,1.6298,-1
1.9115,-0.78462,-1
0.80473,0.62557,-1
0.87392,0.90423,-1
-0.37295,-1.5712,-1
1.2127,-1.173,-1
-0.36935,1.0592,-1
-1.6039,-0.19679,-1
0.589,-1.9363,-1
1.2895,1.2638,-1
1.5872,0.56958,-1
-0.5989,-1.3825,-1
-0.70965,-0.080077,1
1.0578,-1.7484,-1
1.4289,0.032373,-1
-1.4963,0.92356,-1
-1.8949,0.6813,-1
-0.29525,-0.011558,1
0.51107,-1.4382,-1
1.9841,1.9652,-1
-0.64346,-0.24039,1
-1.9072,-1.4042,-1
-1.3192,-1.4231,-1
0.55924,-1.0653,-1
-1.828,0.052445,-1
0.34445,1.5618,-1
1.3206,-0.12897,-1
-0.52053,-0.90794,-1
-1.1348,1.4733,-1
-1.88,-1.5588,-1
-0.69602,1.2465,-1
1.2213,-1.3753,-1
0.56275,0.90464,-1
0.81871,-0.40649,1
0.8421,-0.67799,-1
0.22799,-0.81208,1
-0.70272,1.2931,-1
-0.17985,1.1093,-1
-0.23569,-1.775,-1
1.1034,0.52586,-1
0.46568,0.13131,1
0.95987,-0.49761,-1
0.75048,-1.1839,-1
0.9903,0.26644,-1
-0.9892,-1.9892,-1
1.9651,0.72632,-1
1.924,-0.45011,-1
1.0053,-0.88474,-1
-1.5564,-0.66298,-1
-0.046491,0.31397,1
-1.1889,-0.89326,-1
-1.7371,-0.84332,-1
-0.83033,0.099904,1
0.023292,0.53043,1
-1.9292,-0.015785,-1
1.4298,-1.5431,-1
-1.2705,-1.3452,-1
0.73997,-1.5357,-1
1.275,1.6076,-1
-0.99707,0.29755,-1
0.83661,-1.7738,-1
1.3451,-1.758,-1
1.3412,0.9279,-1
1.0307,1.521,-1
-1.8284,-1.8108,-1
1.2085,-1.9496,-1
1.5606,-0.10026,-1
-1.5869,-0.72701,-1
0.51219,-1.1331,-1
0.16909,0.52357,1
-1.8995,-1.6758,-1
1.8201,-1.0895,-1
0.49918,-0.50404,1
0.45106,1.2604,-1
-1.4541,-0.86908,-1
1.3865,-0.60814,-1
1.9142,-0.98437,-1
0.12681,1.1969,-1
-0.99267,0.33426,-1
-1.558,-0.93911,-1
1.9235,-0.20282,-1
0.285,0.86436,1
-1.9402,-0.48993,-1
1.7891,1.887,-1
0.94762,-1.0733,-1
0.041428,-1.0967,-1
1.6086,-0.69794,-1
1.1007,-0.64358,-1
-0.64822,-1.6095,-1
0.72942,-0.91889,-1
-1.8652,0.47517,-1
1.5788,-0.30087,-1
-0.63024,0.31683,1
1.5694,0.42706,-1
-1.0476,0.35398,-1
-0.34377,-1.6795,-1
1.6449,-0.88219,-1
-0.7598,0.77257,-1
-1.1342,1.323,-1
1.5776,-0.64888,-1
-1.2445,-0.023643,-1
0.013738,-1.4315,-1
-1.4021,-1.3148,-1
1.3515,-1.4684,-1
-0.59171,0.87223,-1
0.84993,0.093189,1
-0.85945,-1.8655,-1
-0.13314,-0.49185,1
-1.5651,-0.68613,-1
0.65748,0.81604,-1
1.5252,0.87898,-1
0.57723,0.03746,1
-1.4922,-0.9368,-1
-0.48434,-0.74396,1
0.29435,-0.97957,-1
-0.0034608,-1.4913,-1
-1.6525,0.96091,-1
1.9313,1.9334,-1
-1.6434,-1.1372,-1
0.48258,0.74623,1
0.11627,0.42973,1
-1.9016,0.60828,-1
1.7086,1.479,-1
-1.8289,-0.68074,-1
-0.54265,1.428,-1
-0.60339,-0.47412,1
1.1113,1.2689,-1
0.84606,-0.93476,-1
-0.99716,0.22209,-1
0.63802,-1.076,-1
-1.0645,-0.93653,-1
1.1432,0.75645,-1
-1.0919,-1.9251,-1
1.37,-0.89121,-1
0.14992,-0.41282,1
-1.8426,-1.1445,-1
0.4048,-0.50637,1
0.82356,0.47935,1
1.4529,-1.6525,-1
0.26772,-0.34128,1
1.2841,0.4685,-1
-1.1602,1.0222,-1
-0.36893,1.5462,-1
-0.16263,-1.7775,-1
0.21326,-0.050393,1
1.8821,0.39427,-1
-1.881,-1.4747,-1
-1.1104,-0.13087,-1
0.18648,-0.52571,1
1.944,1.756,-1
1.2801,0.77384,-1
0.95343,1.9555,-1
1.4543,1.4817,-1
1.5038,-0.85356,-1
-0.3901,0.79546,1
-0.88875,0.61797,-1
1.2315,-1.5685,-1
1.672,1.6195,-1
-0.13822,0.75066,1
0.245,-1.1876,-1
-1.3817,1.6533,-1
-0.69531,1.3977,-1
-0.17343,1.6048,-1
-1.0673,1.0154,-1
0.83235,1.9129,-1
-1.7892,0.69093,-1
0.13255,1.2201,-1
0.49415,0.73234,1
1.7603,1.8885,-1
1.5131,-0.82367,-1
0.67449,-1.9773,-1
-1.9282,-0.33641,-1
-1.6442,0.039551,-1
1.4939,1.2192,-1
0.60215,1.5817,-1
-1.142,-0.029474,-1
-0.53741,1.9478,-1
-1.2356,0.013701,-1
-1.0106,1.2749,-1
-1.3606,-0.59782,-1
-1.269,0.67055,-1
1.42,-0.01745,-1
-0.7744,-0.99223,-1
-1.8856,1.827,-1
-1.1502,0.34774,-1
-0.42533,-1.836,-1
-0.19991,1.415,-1
1.7873,0.49496,-1
0.67002,-1.4961,-1
-0.78188,-1.4596,-1
-0.94595,0.57342,-1
1.7129,0.24188,-1
0.63026,-0.39183,1
-0.49428,1.982,-1
0.87647,1.4957,-1
-0.31069,1.3426,-1
-1.9256,1.7549,-1
0.97136,-1.314,-1
1.4347,-0.71583,-1
1.1875,-0.64079,-1
-1.1582,0.44562,-1
-1.356,-1.4715,-1
0.0015328,1.3494,-1
0.76115,-0.97928,-1
-1.3946,0.013002,-1
-1.5311,1.7494,-1
-0.46304,1.5512,-1
-0.18367,-1.6139,-1
0.52523,-1.5318,-1
-0.53037,-1.0492,-1
0.75467,-1.612,-1
-1.3375,0.50766,-1
1.533,-1.8574,-1
0.296,-0.15594,1
-1.4838,1.7624,-1
-0.15209,0.064692,1
0.70813,-1.388,-1
-0.73044,-0.98242,-1
-1.6725,1.4544,-1
-1.1213,0.25645,-1
0.54824,1.9323,-1
-1.3336,-0.46833,-1
-0.96014,1.4666,-1
0.80872,1.6429,-1
1.0534,0.28217,-1
0.5211,0.14251,1
-0.2168,-0.88127,1
1.2748,0.57342,-1
-0.31206,1.1358,-1
0.40419,1.1763,-1
0.68113,1.39,-1
-0.62269,0.48738,1
0.73842,-1.1944,-1
1.6311,-0.97164,-1
-1.3966,-0.90306,-1
-0.63954,0.55274,1
-1.7962,-0.76562,-1
-0.74408,0.030248,1
0.7916,-0.414,1
1.7753,-1.6421,-1
-1.0908,-1.3326,-1
-0.97386,1.6882,-1
0.44759,1.2271,-1
0.23543,-0.43296,1
-1.9576,-0.45368,-1
0.56716,1.2212,-1
-1.6304,1.0716,-1
-0.60578,0.56054,1
-1.4818,0.48728,-1
-0.091164,0.66085,1
0.23994,-0.49484,1
-0.19912,-0.32184,1
-0.70124,0.59315,1
1.3367,-1.5493,-1
-1.0169,0.92776,-1
-0.36039,-0.54823,1
1.6818,0.94466,-1
-0.67793,1.7659,-1
1.7028,-1.0507,-1
0.061496,0.75858,1
-0.61469,1.5674,-1
0.59179,-1.0975,-1
0.0073652,1.125,-1
0.24993,-0.27797,1
0.36251,1.4945,-1
1.9938,-0.70628,-1
1.2014,-1.8094,-1
0.76742,-0.686,-1
0.94152,1.3692,-1
1.4218,1.3738,-1
1.4344,-0.50599,-1
-0.58715,-1.7503,-1
-0.68818,-0.41118,1
-0.88234,0.036651,1
-1.8862,-0.93634,-1
1.6169,-1.348,-1
1.227,0.95063,-1
-1.4221,-0.11546,-1
-1.5173,0.73534,-1
-1.8907,-1.302,-1
1.1707,0.71249,-1
0.57688,-1.3718,-1
-1.814,-1.7869,-1
-1.8193,-0.17857,-1
0.99379,0.67484,-1
-0.81406,0.73548,-1
1.1842,0.6686,-1
0.31559,0.73376,1
-1.9422,1.6655,-1
1.9539,-1.0801,-1
-1.1361,1.3614,-1
1.0764,1.6767,-1
0.23815,-1.4155,-1
0.27581,-0.72045,1
1.5976,0.86017,-1
1.8157,0.10105,-1
-0.23374,0.10469,1
-1.58,0.66365,-1
0.98324,-1.6672,-1
1.7217,0.36444,-1
0.74469,0.88802,-1
-1.2539,-1.5242,-1
-1.1661,1.4326,-1
0.26967,0.80827,1
-0.79617,0.86113,-1
1.1147,-1.6067,-1
-0.57102,1.2548,-1
-1.1773,0.51726,-1
-0.56729,-0.38003,1
-1.7877,0.031352,-1
1.4224,-1.6197,-1
-0.88732,1.9499,-1
-1.1704,0.66357,-1
-1.6375,-1.5482,-1
-0.89594,-0.3794,1
1.0878,-1.5533,-1
-1.0097,-0.19906,-1
1.2813,-0.38509,-1
-0.64403,-0.57543,1
-0.22739,-0.16257,1
1.3256,0.83853,-1
1.3914,0.96501,-1
0.504,-0.89348,-1
-0.23586,0.029849,1
-1.2597,0.48193,-1
-1.2814,-1.759,-1
1.4743,-1.6727,-1
1.2772,-0.59276,-1
0.21925,1.4685,-1
1.5136,-1.6956,-1
-1.0784,-1.9408,-1
1.6977,1.0052,-1
1.5736,-1.8257,-1
-0.8321,-1.9975,-1
0.76584,1.6568,-1
1.3478,-0.7818,-1
1.5713,-0.58264,-1
1.4243,-1.5827,-1
-0.064536,0.41511,1
-1.8071,-1.6022,-1
-0.028282,-1.3355,-1
1.9389,-1.5162,-1
0.3185,-1.4585,-1
0.84777,-1.2597,-1
1.4558,1.5872,-1
-0.77945,0.18534,1
-0.89205,1.2834,-1
-0.97388,-1.6668,-1
-0.91055,-1.3071,-1
-1.6717,0.26659,-1
-0.16528,-1.8825,-1
0.47038,0.31547,1
1.24,1.9044,-1
1.5077,-0.82541,-1
0.19938,1.2048,-1
0.60332,1.1734,-1
0.90053,1.7674,-1
0.80097,-1.2693,-1
1.5329,-0.52126,-1
1.1385,-0.15053,-1
-0.72124,-0.46583,1
-0.96274,-1.2915,-1
-0.5703,-1.3622,-1
0.90492,0.44855,-1
1.4774,-1.7839,-1
1.7688,-1.4927,-1
-1.2216,1.6352,-1
-0.6827,-0.61005,1
-0.38535,0.36241,1
-1.0924,1.7808,-1
0.68482,1.1792,-1
-1.9281,-0.43936,-1
-0.90985,-1.6782,-1
-0.025741,-0.92903,1
1.4655,0.88771,-1
1.2403,0.027692,-1
-0.706,-0.78053,-1
-0.51138,0.19515,1
0.4836,-1.0543,-1
-0.81947,-1.9705,-1
-1.9022,0.77909,-1
0.89026,0.12625,1
0.54989,-0.15179,1
1.6166,-1.6221,-1
-0.53676,-1.9906,-1
-1.3644,0.5466,-1
1.6056,1.0937,-1
-1.1109,-0.9593,-1
1.0445,-0.69636,-1
0.1377,-0.24088,1
0.053287,-0.90315,1
0.011642,-0.91118,1
-1.0666,-0.99546,-1
-1.6449,1.2683,-1
0.91238,1.3875,-1
1.9975,1.3316,-1
-1.2143,1.6364,-1
0.72347,0.38866,1
-0.30515,0.2085,1
0.87562,-0.83476,-1
0.40522,1.085,-1
1.8103,0.36554,-1
1.3212,0.23214,-1
-1.5484,0.72174,-1
-1.1896,1.1471,-1
-0.73577,0.10959,1
1.4149,-1.4927,-1
-0.055235,-0.49595,1
-0.80021,-0.0056595,1
1.5241,-0.86514,-1
0.877,-1.6352,-1
1.2928,0.27448,-1
-0.68723,0.4052,1
-0.50331,0.1901,1
0.48197,1.4891,-1
-1.1761,-1.3999,-1
1.1482,-1.0954,-1
0.39838,0.69799,1
0.6825,-0.60202,1
-0.11965,1.75,-1
0.0073658,-0.12506,1
0.93091,0.38538,-1
1.4052,-1.6846,-1
-0.080336,1.727,-1
1.6604,0.41552,-1
1.5097,0.048966,-1
-1.6891,-0.13616,-1
1.3665,0.88383,-1
1.4066,-1.0166,-1
1.5658,1.2422,-1
-0.767,1.2919,-1
-1.8935,1.5174,-1
-1.7462,1.4121,-1
-0.42786,1.2093,-1
1.5458,0.92347,-1
-1.6417,-1.3441,-1
0.33884,1.4,-1
0.7763,-1.214,-1
-1.0814,-1.6507,-1
-1.1791,-1.674,-1
1.1143,1.4245,-1
-1.9295,1.5733,-1
1.8387,-1.4792,-1
-0.40787,-0.0025123,1
-1.276,-0.42499,-1
0.69659,-0.86068,-1
0.25135,-0.51427,1
-0.20522,-0.44339,1
-0.78653,1.6593,-1
-1.0197,-0.61621,-1
0.25853,1.6691,-1
1.5695,0.60242,-1
-0.83969,-1.6452,-1
-1.6128,-0.60633,-1
-0.66303,1.9635,-1
-1.4223,1.6593,-1
0.23947,1.4008,-1
-0.87569,-0.025857,1
0.25281,-1.7657,-1
0.6199,-0.9134,-1
-1.7894,-1.9873,-1
1.6341,-0.14434,-1
-1.1527,0.97989,-1
-0.98764,-0.88102,-1
-1.6766,-1.9135,-1
-1.592,-0.9347,-1
1.5856,-0.56766,-1
-1.7693,-1.6963,-1
-1.369,1.3642,-1
-1.2115,1.7802,-1
1.9886,1.2192,-1
0.34346,-0.97252,-1
-1.7852,0.45608,-1
-1.3064,-1.8637,-1
0.32073,0.0047195,1
1.1543,1.5483,-1
1.1232,1.8272,-1
1.7342,1.2037,-1
-1.5246,-1.8477,-1
-1.344,0.93178,-1
1.1189,-1.4207,-1
-1.0768,0.59643,-1
1.2371,1.4394,-1
1.6352,-1.9904,-1
1.47,-0.054326,-1
0.16162,-0.85723,1
-1.6414,0.86641,-1
0.34032,0.8912,1
0.51157,0.57225,1
0.22473,-1.6422,-1
1.4664,-0.79614,-1
-1.6258,-0.28025,-1
-0.72695,1.1251,-1
-0.3794,0.33593,1
-1.3429,1.2637,-1
-0.67729,1.5102,-1
0.63542,-1.7993,-1
1.9647,1.2944,-1
1.9573,-1.7659,-1
-0.75962,-1.8426,-1
1.6104,1.3239,-1
-1.0348,1.9611,-1
1.5136,-1.5173,-1
-1.0136,1.9135,-1
1.6516,-0.14772,-1
-1.0818,-0.77173,-1
-1.5072,1.2518,-1
-0.87736,-0.078292,1
-1.4471,1.8649,-1
0.69404,1.2652,-1
-1.2191,-1.7018,-1
1.7268,-0.1675,-1
-1.2642,0.91355,-1
-1.1079,-0.40483,-1
0.061264,-0.20663,1
1.1252,-0.056481,-1
-1.7139,0.76581,-1
0.19491,0.92899,1
1.3776,-1.7073,-1
1.4568,1.094,-1
0.26735,0.73403,1
-1.3075,-1.4917,-1
0.6318,1.1745,-1
1.659,-1.2453,-1
1.4964,-0.15447,-1
1.2116,-0.90893,-1
1.2807,1.084,-1
0.45471,1.9716,-1
0.36572,0.55286,1
-0.54679,-0.42376,1
-0.62287,0.71133,1
1.351,-1.4738,-1
1.0345,1.808,-1
-0.37803,1.2396,-1
0.98894,-0.058885,1
0.51366,0.18866,1
-1.6168,1.4061,-1
-0.1319,0.69058,1
0.8081,-0.19142,1
0.42494,-0.98953,-1
-0.27842,-1.6931,-1
0.19319,1.2952,-1
0.22814,0.67443,1
-0.97884,1.8779,-1
-0.51159,-0.321,1
1.6121,1.7486,-1
-1.588,0.99996,-1
1.8943,-1.7342,-1
-1.4721,-0.56876,-1
0.55653,0.99396,-1
1.4839,-0.65445,-1
-1.08,-0.4609,-1
-0.86754,-0.18641,1
-1.683,-0.89089,-1
0.6641,-1.96,-1
-0.51068,-1.2156,-1
1.6189,-1.5657,-1
1.5263,-1.4078,-1
-0.35952,-0.89331,1
1.5533,1.5536,-1
0.057822,0.5386,1
-1.0143,-0.84833,-1
0.84962,-0.5862,-1
-1.7809,-0.18181,-1
0.83505,1.153,-1
-1.2513,0.20848,-1
-0.68542,-0.97762,-1
1.6042,-1.3448,-1
-1.7499,-1.1959,-1
-0.44465,1.0598,-1
-1.344,1.5863,-1
0.96076,-0.4832,-1
-0.16352,-1.1757,-1
-0.010478,0.40903,1
-1.8922,1.7322,-1
0.27107,0.46422,1
-0.73235,0.26306,1
-1.1485,1.0617,-1
-1.3863,-0.089419,-1
-0.98956,0.023976,1
-1.2666,0.55169,-1
1.7799,-1.4976,-1
-1.6155,1.8698,-1
